check, 5209
warcraft, 5001
world, 3460
screenshot, 3421
got, 1521
item, 1508
legion, 284
wow, 67
reins, 63
worldofwarcraft, 57
ashbringer, 56
deceiver, 45
twinblades, 44
felforged, 42
fel, 42
fel-infused, 42
titanstrike, 41
felshroud, 38
fallen, 34
grove, 32
warden, 32
new, 32
come, 29
blades, 28
prince, 27
@warcraft, 26
thasdorah, 26
truthguard, 26
windrunners, 25
legacy, 25
time, 25
cub, 24
stream, 24
boots, 24
ashmaw, 23
pet, 23
pocket, 23
spreader, 23
lol, 23
ring, 22
leggings, 22
fel-chain, 22
ghanir, 21
mother, 21
tree, 21
emmigosa, 21
live, 21
pygmy, 21
owl, 21
screenshots, 20
demon, 20
dalaran, 19
bracers, 19
streaming, 18
blade, 18
helm, 18
hat, 18
launch, 18
&lt3, 17
scepter, 17
signet, 17
ready, 17
aldrachi, 17
warblades, 17
lors, 16
thistleleaf, 16
apocalypse, 16
black, 16
ebonchill, 16
stormwind, 16
branch, 16
frosh, 15
gloves, 15
mystical, 15
like, 15
elune, 15