get, 1128
legion, 857
warcraft, 385
worldofwarcraft, 149
wow, 136
followers, 108
time, 91
@warcraft, 82
back, 82
work, 76
ready, 75
play, 69
home, 62
launch, 62
today, 59
day, 54
go, 53
wait, 51
sleep, 45
tonight, 44
one, 44
going, 44
hours, 41
new, 40
tomorrow, 39
need, 39
finally, 38
level, 33
blizzard, 33
live, 33
azeroth, 32
lets, 31
excited, 30
us, 30
stream, 30
100, 30
got, 30
last, 29
hype, 29
gonna, 29
stormchasers, 28
playing, 28
podcast, 28
come, 27
like, 27
hyped, 25
game, 25
see, 25
world, 24
fun, 23
quality, 23
trying, 23
demon, 23
start, 22
110, 22
early, 21
never, 21
way, 21
first, 21
night, 21
free, 21
good, 20
even, 20
hour, 20
streaming, 19
waiting, 19
want, 19
still, 19
try, 19
expansion, 19
around, 19
quest, 19
invasions, 18
hope, 18
lets, 18
fel, 18