hype, 888
legion, 832
warcraft, 222
worldofwarcraft, 139
wow, 119
real, 96
@warcraft, 73
launch, 59
hours, 58
live, 53
stream, 50
train, 44
blizzard, 36
go, 34
get, 30
time, 30
hour, 28
come, 25
tonight, 25
twitch, 25
got, 22
ready, 21
world, 20
24, 20
new, 19
going, 19
wowlegion, 18
leveling, 18
much, 17
day, 17
sleep, 17
wait, 16
night, 16
choo, 16
110, 16
getting, 15
streaming, 15
legionlaunch, 15
prepared, 15
@blizzard_ent, 14
release, 14
expansion, 13
less, 13
left, 13
horas, 13
good, 12
gaming, 12
till, 12
first, 12
@twitch, 12
today, 11
party, 11
12, 11
aboard, 11
playing, 10
eu, 10
one, 10
soon, 10
like, 10
via, 9
last, 9
level, 9
check, 9
everyone, 9
unit√©legion, 9
almost, 9
forthehorde, 8
hang, 8
supportsmallstreamers, 8
snacks, 8
game, 8
giveaway, 8
join, 8
work, 8
minutes, 8
feel, 8