illidan, 2863
legion, 2806
stand, 1634
fight, 1632
warcraft, 963
combats, 456
côtés, 456
junto, 399
lucho, 398
¡yo, 398
kampf, 176
unterstütze, 175
beim, 175
warcraft…, 88
b…, 81
…, 67
warcraf…, 56
warcra…, 56
warcr…, 52
worldofwarcraft, 51
bl…, 45
warc…, 38
wow, 36
bli…, 30
prepared, 25
@warcraft, 21
world, 14
blizzard, 13
bliz…, 10
demonhunter, 9
stormrage, 8
demon, 7
wrote, 6
ready, 6
king, 6
reading, 6
blizzard…, 6
william, 6
one, 6
paris, 5
show, 5
back, 5
bnf, 5
azeroth, 5
wowlegion, 5
launch, 5
hunter, 4
preparados, 4
hype, 4
check, 4
lord, 4
lore, 4
us, 4
fan-song, 4
level, 4
day, 3
the_t, 3
blizz…, 3
pronto, 3
decided, 3
right, 3
life, 3
thanks, 3
dh, 3
hunters, 3
@robindevit, 3
story, 3
far, 3
favorite, 3
@ivanpopstar_2, 3
bibliothèque, 3
excited, 3
cocktails, 3
going, 3
pretty, 3
nice, 3