join, 1452
legion, 1401
fight, 1238
joined, 1226
come, 64
us, 59
warcraft, 58
worldofwarcraft, 46
live, 35
stream, 35
wow, 32
twitch, 23
launch, 20
play, 18
fun, 17
world, 17
@warcraft, 16
going, 16
azeroth, 15
new, 12
server, 12
horde, 12
leveling, 12
livestream, 10
tonight, 9
streaming, 9
hours, 9
tomorrow, 9
time, 9
hype, 8
game, 8
guild, 8
right, 7
playing, 7
get, 7
est, 7
first, 7
friends, 7
110, 7
want, 6
today, 6
party, 6
everyone, 6
let, 6
could, 6
blizzard, 6
way, 6
go, 6
love, 6
soon, 6
side, 6
@twitch, 5
know, 5
hour, 5
group, 5
@curseapp, 5
like, 5
hit, 5
community, 5
sure, 5
24-hour, 5
see, 5
wish, 5
invasion, 5
lets, 5
demon, 5
wants, 4
event, 4
hunter, 4
lets, 4
prizes, 4
galakr, 4
well, 4
alliance, 4
would, 4
check, 4