joined, 1249
legion, 1246
fight, 1242
join, 1229
azeroth, 6
horde, 5
warcraft, 4
love, 3
forthehorde, 3
illidan, 3
wow, 2
today, 2
watching, 2
@private_testing, 2
hunter, 2
@phobbynote, 2
life, 2
eu, 2
dark, 2
thanks, 2
together, 2
like, 2
game, 2
xd, 2
stand, 2
would, 2
mi, 2
trying, 2
us, 2
soon, 2
ass, 1
heroic, 1
@ucaninan, 1
act, 1
stable, 1
fun, 1
snapchat, 1
@ryry312alt, 1
connect, 1
demonhunterforlife, 1
everyone, 1
full, 1
expansiÃ³n, 1
ğŸ‘ŒğŸ¾ğŸ‘ŒğŸ¾ğŸ‘ŒğŸ¾ğŸ‘ŒğŸ¾, 1
aspiring, 1
ğŸ˜ğŸ˜‚, 1
nordrassil, 1
lagging, 1
ğŸ˜¬ğŸ’ª, 1
huzzarrrrr, 1
heart, 1
voice, 1
s, 1
well, 1
lol, 1
granted, 1
varian, 1
masses, 1
dude, 1
smorc, 1
crush, 1
homework, 1
crusade, 1
login, 1
plan, 1
yaaas, 1
green, 1
sylvanas, 1
right, 1
peace, 1
cried, 1
guess, 1
years, 1
@necro_dante1, 1
details, 1
also, 1