legion, 27022
warcraft, 6609
fight, 2983
wow, 2815
illidan, 2797
worldofwarcraft, 2663
stand, 1759
@warcraft, 1570
world, 1469
join, 1392
launch, 1252
joined, 1245
time, 866
get, 839
hype, 775
live, 761
ready, 719
win, 671
pack, 670
hours, 668
@jinx, 663
enter, 653
stream, 647
prize, 645
blizzard, 614
go, 589
play, 580
day, 562
tonight, 560
new, 526
lucha, 519
contre, 517
unido, 514
bataille, 513
¡me, 512
j’ai, 511
rejoint, 510
¿quién, 510
unirá, 506
prepared, 504
suivra, 499
work, 489
got, 475
côtés, 470
combats, 469
going, 468
wowlegion, 448
like, 446
tomorrow, 417
first, 407
junto, 405
expansion, 404
¡yo, 401
lucho, 398
today, 385
playing, 379
twitch, 379
azeroth, 376
come, 373
kampf, 372
release, 363
streaming, 352
good, 323
one, 323
level, 295
back, 295
@blizzard_ent, 293
check, 290
night, 287
leveling, 281
wait, 279
waiting, 276
last, 274
gaming, 270
see, 265
getting, 263