live, 1123
legion, 831
worldofwarcraft, 412
twitch, 297
warcraft, 229
wow, 170
stream, 161
going, 131
wizebot, 120
come, 92
@warcraft, 89
streaming, 81
launch, 66
go, 61
time, 60
hype, 54
d√©marre, 46
playing, 40
tonight, 37
join, 37
leveling, 36
hours, 33
get, 33
blizzard, 33
hour, 31
wowlegion, 31
world, 31
goes, 29
supportsmallstreamers, 28
start, 28
@twitch, 27
ready, 27
first, 26
hang, 26
lets, 25
new, 25
minutes, 25
tomorrow, 23
watch, 22
110, 22
expansion, 21
check, 21
us, 21
still, 21
like, 20
today, 19
right, 19
eu, 19
legionlaunch, 19
back, 19
play, 18
via, 18
work, 17
day, 17
servers, 17
@twitchsharing, 17
lets, 17
24, 17
dnr_crew, 16
chill, 16
soon, 16
waiting, 16
release, 16
cgn, 16
toujours, 16
w/, 15
@shoutgamers, 15
game, 15
getting, 15
demon, 15
twitchtv, 15
party, 14
@dnr_crew, 14
supportsmallstreams, 14
got, 14
finally, 14