stand, 1782
legion, 1763
illidan, 1634
fight, 1633
warcraft, 1041
achievement, 103
earned, 103
warcraft…, 88
b…, 80
…, 67
warcraf…, 56
warcra…, 56
warcr…, 52
bl…, 45
warc…, 38
bli…, 31
@warcraft, 12
bliz…, 10
world, 7
blizzard, 6
release, 5
show, 5
ready, 4
back, 4
worldofwarcraft, 4
chance, 4
the_t, 3
together, 3
@juppongatana, 3
azeroth, 3
blizz…, 3
@mike21daisu, 2
mike21daisu, 2
katherineaxten, 2
gaulv, 2
@wycked169, 2
dead, 2
@madnessbox, 2
warregory, 2
@thehumbletuna, 2
hubba, 2
gamerdee, 2
get, 2
@gaulv, 2
player, 2
join, 2
@b_lw, 2
@goldfishgal2, 2
meint, 2
@richardsonken, 2
@tylervanpraet, 2
legionlaunch, 2
united, 2
botanygaming, 2
@sorceressjackie, 2
@beastmind, 2
beastmind, 2
@_lichqueenalli_, 2
tweet, 2
alliance, 2
@annakrawall, 2
like, 2
retweeted, 2
@heather__emm, 2
friends, 2
@alihalhasan, 2
@calebnichols28, 2
@gamerdee, 2
@bromontana8, 2
around, 2
hell, 2
behind, 2
turned, 2
25, 2
@minimotorin, 2
@jcisbak, 2