time, 1185
legion, 897
warcraft, 390
worldofwarcraft, 197
wow, 154
@warcraft, 109
launch, 103
get, 93
first, 79
live, 59
go, 58
work, 57
hours, 55
play, 54
stream, 51
almost, 50
new, 48
expansion, 42
going, 42
back, 41
blizzard, 41
world, 41
long, 40
game, 39
last, 37
day, 37
got, 37
playing, 35
level, 34
good, 33
twitch, 33
finally, 32
like, 32
come, 31
take, 30
nap, 30
hype, 30
leveling, 30
one, 29
today, 28
fun, 28
check, 28
tonight, 27
release, 27
see, 27
sleep, 25
home, 24
start, 24
achievement, 23
tomorrow, 23
still, 23
earned, 23
right, 22
bed, 21
night, 21
ready, 19
getting, 19
every, 19
next, 19
prepared, 18
hearthstone, 18
hour, 18
streaming, 18
everyone, 18
us, 18
100, 18
around, 18
demon, 18
hunter, 17
know, 17
since, 17
wait, 17
wowlegion, 17
azeroth, 17
much, 17
legionlaunch, 16