worldofwarcraft, 5371
legion, 3032
wow, 1458
warcraft, 1073
blizzard, 875
hearthstone, 578
live, 419
twitch, 409
gaming, 399
blizzardcs, 341
wowlegion, 313
stream, 281
world, 235
launch, 215
time, 201
new, 200
streaming, 161
playing, 152
come, 150
get, 150
legionlaunch, 150
@warcraft, 147
hype, 143
play, 142
ready, 138
expansion, 135
hours, 135
tonight, 134
got, 128
wizebot, 126
day, 125
going, 120
like, 113
today, 110
prepared, 104
go, 104
level, 99
azeroth, 99
horde, 98
hunter, 92
tomorrow, 88
game, 87
night, 86
back, 85
demon, 85
demonhunter, 77
keep, 76
leveling, 75
work, 74
one, 74
invasions, 73
first, 72
@blizzard_ent, 70
games, 69
110, 69
finally, 65
good, 63
see, 63
&lt3, 61
love, 61
still, 60
excited, 60
release, 59
100, 59
right, 58
start, 58
getting, 57
watch, 57
check, 57
gamer, 56
mmorpg, 55
last, 53
days, 53
via, 52
waiting, 51
illidan, 51