wow, 4508
legion, 3073
warcraft, 1873
worldofwarcraft, 1411
blizzard, 764
hearthstone, 510
gaming, 401
azeroth, 359
podcast, 354
blizzardcs, 338
stormchasers, 313
world, 233
episode, 205
111, 204
wowlegion, 197
new, 172
launch, 171
live, 168
stream, 168
time, 156
twitch, 150
get, 133
hype, 128
expansion, 124
play, 119
@warcraft, 110
ready, 106
like, 99
one, 92
back, 90
come, 85
got, 85
tonight, 82
playing, 80
streaming, 78
first, 78
level, 75
hours, 74
go, 74
going, 73
day, 71
prepared, 69
release, 68
check, 67
demon, 66
today, 64
hunter, 63
demonhunter, 61
leveling, 60
game, 56
tomorrow, 54
chat, 53
mmo, 52
horde, 52
gamer, 51
work, 51
invasion, 51
legionlaunch, 50
110, 50
us, 49
see, 48
right, 47
best, 45
love, 44
listen, 44
gold, 43
dalaran, 43
good, 42
excited, 42
wait, 42
last, 41
tech, 41
rpg, 41
hour, 40
quest, 39
night, 39